SEASON_ID,TEAM_ID,TEAM_ABBREVIATION,TEAM_NAME,GAME_ID,GAME_DATE,MATCHUP,WL,MIN,PTS,FGM,FGA,FG_PCT,FG3M,FG3A,FG3_PCT,FTM,FTA,FT_PCT,OREB,DREB,REB,AST,STL,BLK,TOV,PF,PLUS_MINUS,WIN,Points_Per_Game,OPPONENT_TEAM_ID,HOME_GAME,LAST_GAME_RESULT
21984,21,KCK,Kansas City Kings,0028400941,1985-04-14,KCK vs. LAL,L,198,0.9798504556277121,1.5955687771855662,0.06103851269111281,1.8940270582231364,-1.4123907923182941,-1.3808008728078094,-2.2278940519212456,0.13105037578665257,0.08428460608970666,0.1249482339341493,-1.5756119428183306,-0.6555710993906649,-1.5473963928412577,1.9701548134388753,-0.9496430248160592,0.755219122132848,2.9239415438896548,0.8313242740941379,,0,103.53903448275862,10,1,0.0
21984,21,KCK,Kansas City Kings,0028400927,1985-04-12,KCK @ SAN,L,200,0.6956587612994112,1.0992954415426852,0.28641831163846165,1.07404901306667,-1.4123907923182941,-1.5639504309858987,-2.2278940519212456,0.4329816067423056,0.20606533145315542,0.585668899395538,-0.42695716394672645,-0.8314198651721079,-0.9628225642468026,1.0880989149569626,-0.29650042463681625,-0.7516295701676208,0.3356753628234339,-0.39518126823351146,,0,103.53903448275862,21,0,0.0
21984,21,KCK,Kansas City Kings,0028400920,1985-04-11,KCK vs. HOU,L,205,1.4771859207022386,1.76099322239986,0.39910821111213607,1.7573640506970583,-1.4123907923182941,-1.472375651896854,-2.2278940519212456,0.8858784531757852,0.8149689582703991,0.2451362336197293,-0.19722620817240563,-1.710663694079322,-1.5473963928412577,2.146565993135258,0.35664217554242666,-1.5050539163178553,0.10037843727195926,-0.39518126823351146,,0,103.53903448275862,8,1,0.0
21984,21,KCK,Kansas City Kings,0028400910,1985-04-09,KCK vs. DAL,W,206,1.0508983792097872,0.4375976606855105,-0.16434128625623604,0.6811428664291957,-1.4123907923182941,-1.5639504309858987,-2.2278940519212456,2.39553460795405,1.9109954865414378,0.976279898373673,0.49196665915055693,-0.6555710993906649,-0.2321052785037333,0.5588653758678152,-0.6230717247264377,-1.128341743242738,-0.8408092649339393,0.21807150293031322,,1,103.53903448275862,5,1,0.0
21984,21,KCK,Kansas City Kings,0028400895,1985-04-06,KCK @ GOS,L,198,1.619281767866389,2.2572665580427405,1.0752476079541828,1.689032546934021,-1.4123907923182941,,,0.2820159912644791,-0.03749611927374208,0.8360605654071629,,,-2.2781136785843272,0.9116877352605802,-0.6230717247264377,-1.5050539163178553,-1.546700041588363,1.8534122260338457,,0,103.53903448275862,21,0,1.0
21984,21,KCK,Kansas City Kings,0028400888,1985-04-05,KCK @ LAL,L,204,1.619281767866389,2.2572665580427405,0.17372841216478724,2.5944249717942864,-1.4123907923182941,-1.6555252100749434,,0.2820159912644791,0.32784605681660417,-0.06534943223468564,-0.8864190754953681,-2.0623612256422077,-2.2781136785843272,1.440921274349728,0.6832134756320482,-1.8817660893929722,1.041566139477858,0.21807150293031322,,0,103.53903448275862,10,0,0.0
21984,21,KCK,Kansas City Kings,0028400876,1985-04-03,KCK @ LAC,L,204,1.4061379971201633,2.422691003257034,0.6244880100594851,2.32109895674213,-1.1905721141465297,-1.472375651896854,1.0551771318683079,-0.6237777016024798,0.08428460608970666,-1.798059761035129,-0.6566881197210473,-2.0623612256422077,-2.1319702214357132,0.20604301647505013,-0.6230717247264377,-0.3749173970925036,-0.37021541383099005,0.01365391254237165,,0,103.53903448275862,9,0,0.0
21984,21,KCK,Kansas City Kings,0028400854,1985-03-30,KCK vs. GOS,W,201,2.471856850851292,2.091842112828447,-0.05165138678256162,2.628590723675806,-1.4123907923182941,-1.6555252100749434,,2.39553460795405,2.0327762119048867,0.765950898923908,-0.19722620817240563,-1.710663694079322,-1.5473963928412577,1.440921274349728,-0.6230717247264377,1.1319312952079652,0.3356753628234339,0.6269066837061964,,1,103.53903448275862,21,1,0.0
21984,21,KCK,Kansas City Kings,0028400840,1985-03-28,KCK @ DEN,L,204,0.9088025320456369,1.76099322239986,2.54021630111195,0.03199358068032601,-1.4123907923182941,-1.3808008728078094,-2.2278940519212456,-0.32184647064682687,-0.2810575700006396,-0.1755217652798006,1.870352393796482,-0.47972233360922223,0.7908989215365636,0.7352765555641978,-0.29650042463681625,0.37850694905773075,1.2768630650293324,0.8313242740941379,,0,103.53903448275862,6,0,1.0
21984,21,KCK,Kansas City Kings,0028400827,1985-03-26,KCK @ HOU,L,205,-0.6542517867600182,0.10674877025692313,1.3006274069015316,-0.8392330922984215,-1.1905721141465297,-1.3808008728078094,-0.04136864351740303,-0.7747433170803063,-1.011741922181332,0.6758098991597229,0.26223570337623603,-2.414058757205093,-1.8396833071384855,-0.3231905226140974,-1.2762143249056805,-0.3749173970925036,-1.546700041588363,-1.621686810561161,,0,103.53903448275862,8,0,0.0
21984,21,KCK,Kansas City Kings,0028400822,1985-03-25,KCK vs. SEA,W,203,1.3350900735380882,2.2572665580427405,1.187937507427857,1.5865352912894626,-1.1905721141465297,-1.5639504309858987,4.338248315657862,-0.47281208612465336,-0.5246190207275371,0.05483856745089432,0.9514285706991986,-1.0072686309535506,-0.2321052785037333,1.6173324540461105,-0.29650042463681625,-1.128341743242738,-0.1349184882795154,0.21807150293031322,,1,103.53903448275862,21,1,0.0
21984,21,KCK,Kansas City Kings,0028400815,1985-03-23,KCK vs. NYK,W,199,0.7667066848814864,1.0992954415426852,-0.3897210852035849,1.7573640506970583,-1.1905721141465297,-1.5639504309858987,4.338248315657862,0.4329816067423056,1.0585304089972967,-1.0969630962025791,0.49196665915055693,-0.47972233360922223,-0.08596182135511947,0.38245419617143267,-0.9496430248160592,-1.5050539163178553,-0.37021541383099005,-0.39518126823351146,,1,103.53903448275862,15,1,1.0
21984,21,KCK,Kansas City Kings,0028400802,1985-03-22,KCK @ ATL,W,200,1.3350900735380882,1.2647198867569789,-1.0658604820456314,2.765253731201884,-1.4123907923182941,-1.5639504309858987,-2.2278940519212456,1.489740915087091,1.3020918597241942,0.49552789963135424,-1.116150031269689,-0.30387356782777947,-0.9628225642468026,0.20604301647505013,-1.602785624995302,0.37850694905773075,-1.076106190485414,0.4224890933182548,,1,103.53903448275862,0,0,1.0
21984,21,KCK,Kansas City Kings,0028400794,1985-03-20,KCK @ PHL,W,265,1.1219463027918624,1.2647198867569789,-0.16434128625623604,1.7231982988155408,-1.1905721141465297,-1.2892260937187647,-0.5863584600264691,0.8858784531757852,1.4238725850876428,-0.8065087636290944,0.49196665915055693,-0.1280248020463366,0.20632509294210818,2.146565993135258,-1.9293569250849236,-1.5050539163178553,0.5709722883749084,0.8313242740941379,,1,103.53903448275862,21,0,1.0
21984,21,KCK,Kansas City Kings,0028400777,1985-03-17,KCK vs. UTH,W,201,0.34041914338903506,0.4375976606855105,0.06103851269111281,0.4761483551400787,-1.4123907923182941,-1.5639504309858987,-2.2278940519212456,0.8858784531757852,1.6674340358145403,-1.1570570960453692,0.26223570337623603,0.3995214952979918,0.49861200723933585,1.0880989149569626,1.3363560758112911,0.37850694905773075,0.10037843727195926,0.21807150293031322,,1,103.53903448275862,21,1,1.0
21984,21,KCK,Kansas City Kings,0028400763,1985-03-15,KCK @ UTH,L,201,0.6956587612994112,1.2647198867569789,0.5117981105858105,1.07404901306667,-0.9687534359747658,-1.2892260937187647,1.0551771318683079,-0.1708808551690004,-0.2810575700006396,0.2651675669006593,0.7216976149248777,-0.6555710993906649,-0.08596182135511947,-0.6760128820068625,-0.6230717247264377,-0.3749173970925036,0.3356753628234339,-0.8040164490093946,,0,103.53903448275862,21,0,1.0
21984,21,KCK,Kansas City Kings,0028400752,1985-03-13,KCK @ DAL,L,203,-0.15691632168549152,0.4375976606855105,0.39910821111213607,0.18573946414716286,-1.4123907923182941,-1.472375651896854,-2.2278940519212456,-0.1708808551690004,0.6931882329069504,-1.757997094473269,0.26223570337623603,-1.8865124598607648,-1.401252935692644,0.0296318367786676,0.030070875452805217,-1.128341743242738,-1.3114031160368884,-0.599598858621453,,0,103.53903448275862,5,0,0.0
21984,21,KCK,Kansas City Kings,0028400745,1985-03-12,KCK vs. POR,W,203,1.2640421499560128,1.5955687771855662,0.6244880100594851,1.3473750281188261,-1.4123907923182941,-1.6555252100749434,,0.7349128376979587,0.8149689582703991,-0.06534943223468564,1.4108904822478405,-1.1831173967349935,-0.08596182135511947,1.7937436337424928,-1.2762143249056805,-0.3749173970925036,-1.076106190485414,0.4224890933182548,,1,103.53903448275862,20,1,0.0
21984,21,KCK,Kansas City Kings,0028400732,1985-03-10,KCK vs. LAC,W,203,1.90347346219469,2.2572665580427405,0.5117981105858105,2.2356845770383313,-0.9687534359747658,-1.472375651896854,4.338248315657862,0.5839472222201322,0.08428460608970666,1.286765564228088,-0.6566881197210473,-0.6555710993906649,-0.9628225642468026,1.0880989149569626,0.030070875452805217,-0.7516295701676208,-0.6055123393824646,0.21807150293031322,,1,103.53903448275862,9,1,1.0
21984,21,KCK,Kansas City Kings,0028400722,1985-03-08,KCK @ MIL,L,204,0.8377546084635616,0.2721732154712168,-0.5024109846772593,0.7836401220737542,-1.4123907923182941,-1.3808008728078094,-2.2278940519212456,2.244568992476223,1.6674340358145403,1.1565618979020431,-0.8864190754953681,-2.5899075229865356,-2.7165440500301687,-0.3231905226140974,-0.9496430248160592,-1.128341743242738,0.10037843727195926,-0.599598858621453,,0,103.53903448275862,12,0,1.0
21984,21,KCK,Kansas City Kings,0028400715,1985-03-07,KCK vs. DEN,W,203,2.8270964687616678,2.5881154484713282,0.7371779095331594,2.389430460505169,-1.4123907923182941,-1.5639504309858987,-2.2278940519212456,2.244568992476223,2.0327762119048867,0.5355905661932141,-0.42695716394672645,0.3995214952979918,0.06018163579349437,0.9116877352605802,-0.6230717247264377,-1.128341743242738,0.8062692139263832,2.671082587585612,,1,103.53903448275862,6,1,0.0
21984,21,KCK,Kansas City Kings,0028400702,1985-03-05,KCK vs. NJN,W,208,2.258713080105066,2.422691003257034,0.6244880100594851,2.32109895674213,-1.1905721141465297,-1.3808008728078094,-0.04136864351740303,1.187809684131438,1.1803111343607453,0.14497956721507932,0.7216976149248777,0.7512190268608774,1.0831858358337914,1.7937436337424928,-0.9496430248160592,-0.7516295701676208,1.2768630650293324,0.01365391254237165,,1,103.53903448275862,21,1,1.0
21984,21,KCK,Kansas City Kings,0028400690,1985-03-03,KCK @ LAC,W,221,1.6903296914484642,2.5881154484713282,2.314836502164601,1.005717509303631,-0.9687534359747658,-1.5639504309858987,10.90439068323697,-0.47281208612465336,-0.1592768446371908,-0.8966497633932793,-0.19722620817240563,-1.0072686309535506,-0.9628225642468026,0.7352765555641978,-0.29650042463681625,-1.5050539163178553,0.3356753628234339,1.240159454870021,,1,103.53903448275862,9,0,1.0
21984,21,KCK,Kansas City Kings,0028400688,1985-03-02,KCK @ PHX,L,198,0.6246108377173359,0.9338709963283914,1.187937507427857,0.13449083632488457,-0.7469347578030018,-1.19765131462972,1.7117913686262183,0.13105037578665257,0.08428460608970666,0.1249482339341493,-0.19722620817240563,0.5753702610794347,0.35246855009072203,0.38245419617143267,-0.6230717247264377,-0.3749173970925036,0.5709722883749084,2.4666649971976704,,0,103.53903448275862,19,0,1.0
21984,21,KCK,Kansas City Kings,0028400672,1985-02-28,KCK vs. PHL,L,240,1.1929942263739377,1.5955687771855662,0.7371779095331594,1.2448777724742675,-1.4123907923182941,-1.5639504309858987,-2.2278940519212456,0.5839472222201322,0.32784605681660417,0.645762899238328,0.49196665915055693,-1.8865124598607648,-1.2551094785440302,1.0880989149569626,-0.9496430248160592,-0.7516295701676208,-0.37021541383099005,0.8313242740941379,,0,103.53903448275862,21,1,0.0
21984,21,KCK,Kansas City Kings,0028400663,1985-02-26,KCK vs. PHX,W,200,0.5535629141352607,1.2647198867569789,0.9625577084805083,0.6811428664291957,-1.4123907923182941,-1.6555252100749434,,-0.1708808551690004,-0.03749611927374208,-0.36581943144863555,-0.6566881197210473,-0.47972233360922223,-0.8166791070981887,1.9701548134388753,-0.29650042463681625,-1.128341743242738,-0.6055123393824646,0.6269066837061964,,1,103.53903448275862,19,1,0.0
21984,21,KCK,Kansas City Kings,0028400645,1985-02-23,KCK vs. DAL,L,211,-0.299012168849642,0.10674877025692313,0.39910821111213607,-0.20716668249031053,-1.4123907923182941,-1.472375651896854,-2.2278940519212456,0.13105037578665257,0.44962678218005286,-0.6662894306625855,-0.19722620817240563,-1.0072686309535506,-0.9628225642468026,1.0880989149569626,0.35664217554242666,0.37850694905773075,0.8062692139263832,-0.39518126823351146,,0,103.53903448275862,5,1,1.0
21984,21,KCK,Kansas City Kings,0028400634,1985-02-21,KCK vs. LAL,L,198,1.0508983792097872,1.0992954415426852,1.5260072058488805,0.06615933256184553,-1.4123907923182941,-1.5639504309858987,-2.2278940519212456,1.187809684131438,0.5714075075435016,1.437000563835063,0.03250474760191523,-1.8865124598607648,-1.5473963928412577,0.20604301647505013,0.6832134756320482,0.0017947759826136167,0.10037843727195926,-0.599598858621453,,0,103.53903448275862,10,1,0.0
21984,21,KCK,Kansas City Kings,0028400622,1985-02-19,KCK vs. POR,W,204,0.9798504556277121,1.76099322239986,1.0752476079541828,1.1423805168297092,-1.4123907923182941,-1.5639504309858987,-2.2278940519212456,-0.1708808551690004,0.6931882329069504,-1.757997094473269,1.4108904822478405,-0.47972233360922223,0.49861200723933585,2.146565993135258,0.35664217554242666,0.755219122132848,0.5709722883749084,0.21807150293031322,,1,103.53903448275862,20,1,0.0
21984,21,KCK,Kansas City Kings,0028400613,1985-02-17,KCK @ POR,L,203,-0.44110801601379246,-0.22410012017166422,0.28641831163846165,-0.5146584494239861,-1.4123907923182941,-1.472375651896854,-2.2278940519212456,0.4329816067423056,0.5714075075435016,-0.23561576512259058,0.26223570337623603,-1.1831173967349935,-0.8166791070981887,0.38245419617143267,-0.29650042463681625,-0.3749173970925036,0.8062692139263832,1.8534122260338457,,0,103.53903448275862,20,0,1.0
21984,21,KCK,Kansas City Kings,0028400607,1985-02-16,KCK @ SEA,W,202,0.6246108377173359,0.7684465511140978,0.6244880100594851,0.3907339754362799,-1.1905721141465297,-1.3808008728078094,-0.04136864351740303,0.7349128376979587,0.8149689582703991,-0.06534943223468564,0.49196665915055693,-0.6555710993906649,-0.2321052785037333,0.5588653758678152,0.6832134756320482,-0.7516295701676208,0.5709722883749084,2.262247406809729,,1,103.53903448275862,21,0,0.0
21984,21,KCK,Kansas City Kings,0028400595,1985-02-14,KCK vs. DEN,L,211,1.4771859207022386,2.091842112828447,1.0752476079541828,1.5011209115856639,-1.4123907923182941,-1.472375651896854,-2.2278940519212456,0.2820159912644791,0.44962678218005286,-0.3257567648867756,-0.8864190754953681,-1.3589661625164362,-1.6935398499898717,1.0880989149569626,0.35664217554242666,0.37850694905773075,0.8062692139263832,0.21807150293031322,,0,103.53903448275862,6,1,1.0
21984,21,KCK,Kansas City Kings,0028400577,1985-02-12,KCK @ SAN,L,213,0.4825149905531855,1.2647198867569789,1.187937507427857,0.49323123108083844,-1.4123907923182941,-1.6555252100749434,,-0.32184647064682687,0.20606533145315542,-1.2672294290904842,-0.8864190754953681,-1.8865124598607648,-2.1319702214357132,-0.1467793429177149,1.6629273759009127,-0.7516295701676208,0.8062692139263832,-0.8040164490093946,,0,103.53903448275862,21,0,0.0
21984,21,KCK,Kansas City Kings,0028400573,1985-02-07,KCK vs. UTH,L,206,-0.44110801601379246,0.2721732154712168,0.6244880100594851,-0.1900838065495508,-1.4123907923182941,-1.472375651896854,-2.2278940519212456,-0.47281208612465336,-0.1592768446371908,-0.8966497633932793,1.1811595264735195,-1.0072686309535506,-0.08596182135511947,0.20604301647505013,-0.9496430248160592,-1.8817660893929722,-0.6055123393824646,-0.39518126823351146,,0,103.53903448275862,21,1,0.0
21984,21,KCK,Kansas City Kings,0028400558,1985-02-05,KCK vs. SAN,W,201,2.3297610036871412,1.76099322239986,0.28641831163846165,1.8769441822823767,-1.4123907923182941,-1.5639504309858987,-2.2278940519212456,2.697465838909703,1.9109954865414378,1.4570318971159928,0.03250474760191523,-1.710663694079322,-1.401252935692644,2.499388352528023,-0.9496430248160592,-1.128341743242738,0.3356753628234339,1.6489946356459042,,1,103.53903448275862,21,1,0.0
21984,21,KCK,Kansas City Kings,0028400538,1985-02-02,KCK @ CLE,L,200,0.2693712198069598,-0.22410012017166422,-0.05165138678256162,-0.24133243437183005,-1.1905721141465297,-1.6555252100749434,,1.791672146042744,1.3020918597241942,1.0463895648569281,0.03250474760191523,-1.3589661625164362,-1.1089660213954162,-0.6760128820068625,-0.6230717247264377,-0.3749173970925036,0.5709722883749084,-0.1907636778455699,,0,103.53903448275862,2,0,1.0
21984,21,KCK,Kansas City Kings,0028400532,1985-02-01,KCK @ BOS,L,203,1.4771859207022386,2.5881154484713282,2.6529062005856243,0.7665572461329946,-1.4123907923182941,-1.6555252100749434,,-0.6237777016024798,-0.7681804714544345,0.32526156674344925,0.7216976149248777,-0.8314198651721079,-0.2321052785037333,-0.6760128820068625,-0.29650042463681625,-0.7516295701676208,0.5709722883749084,-0.1907636778455699,,0,103.53903448275862,1,0,0.0
21984,21,KCK,Kansas City Kings,0028400522,1985-01-30,KCK @ DET,L,210,0.9798504556277121,1.5955687771855662,0.39910821111213607,1.569452415348703,-1.4123907923182941,-1.6555252100749434,,0.13105037578665257,0.08428460608970666,0.1249482339341493,-0.42695716394672645,-0.47972233360922223,-0.6705356499495749,0.5588653758678152,-1.2762143249056805,-0.3749173970925036,1.2768630650293324,-0.599598858621453,,0,103.53903448275862,28,0,0.0
21984,21,KCK,Kansas City Kings,0028400518,1985-01-29,KCK @ CHI,L,201,-0.3700600924317172,0.6030221058998041,0.17372841216478724,0.5786456107846372,-1.4123907923182941,-1.472375651896854,-2.2278940519212456,-0.9257089325581328,-0.6463997460909857,-1.0669160962811841,0.26223570337623603,-1.5348149282978791,-1.1089660213954162,-0.3231905226140974,-0.9496430248160592,0.37850694905773075,1.041566139477858,-0.1907636778455699,,0,103.53903448275862,4,0,0.0
21984,21,KCK,Kansas City Kings,0028400499,1985-01-26,KCK vs. GOS,W,200,1.2640421499560128,0.9338709963283914,-0.27703118572991053,1.4157065318818651,-1.4123907923182941,-1.6555252100749434,,1.9426377615205705,2.276337662631784,-0.2957097649653806,1.1811595264735195,0.3995214952979918,1.0831858358337914,0.7352765555641978,-1.2762143249056805,0.0017947759826136167,0.3356753628234339,1.0357418644820795,,1,103.53903448275862,21,1,0.0
21984,21,KCK,Kansas City Kings,0028400489,1985-01-24,KCK vs. MIL,L,202,1.1929942263739377,1.0992954415426852,0.5117981105858105,0.869054501777553,-0.9687534359747658,-1.5639504309858987,10.90439068323697,1.187809684131438,0.6931882329069504,1.146546231261578,0.49196665915055693,-0.1280248020463366,0.20632509294210818,0.7352765555641978,-1.2762143249056805,-0.7516295701676208,0.8062692139263832,-0.1907636778455699,,0,103.53903448275862,12,1,1.0
21984,21,KCK,Kansas City Kings,0028400479,1985-01-22,KCK @ SAN,L,202,0.7667066848814864,0.4375976606855105,0.28641831163846165,0.2882367197917214,-0.9687534359747658,-1.472375651896854,4.338248315657862,1.489740915087091,1.0585304089972967,0.9662642317332079,-0.42695716394672645,-1.0072686309535506,-1.1089660213954162,-0.3231905226140974,-0.9496430248160592,-0.7516295701676208,-1.3114031160368884,0.01365391254237165,,0,103.53903448275862,21,0,0.0
21984,21,KCK,Kansas City Kings,0028400467,1985-01-19,KCK vs. WAS,W,201,0.056227449060734125,0.7684465511140978,0.28641831163846165,0.6811428664291957,-1.4123907923182941,-1.472375651896854,-2.2278940519212456,-0.32184647064682687,0.08428460608970666,-1.0268534297193244,0.26223570337623603,0.3995214952979918,0.49861200723933585,0.20604301647505013,-1.2762143249056805,-1.128341743242738,0.3356753628234339,0.6269066837061964,,1,103.53903448275862,27,1,0.0
21984,21,KCK,Kansas City Kings,0028400452,1985-01-17,KCK vs. SAN,L,199,1.9745213857767652,1.9264176676141536,0.7371779095331594,1.6377839191117418,-0.7469347578030018,-1.2892260937187647,2.696712723763085,1.187809684131438,1.5456533104510914,-0.45596043121282054,0.03250474760191523,-2.0623612256422077,-1.6935398499898717,2.3229771728316404,-0.9496430248160592,0.0017947759826136167,1.041566139477858,1.6489946356459042,,0,103.53903448275862,21,1,1.0
21984,21,KCK,Kansas City Kings,0028400442,1985-01-15,KCK vs. CLE,L,199,0.6956587612994112,0.6030221058998041,0.17372841216478724,0.5786456107846372,-1.4123907923182941,-1.5639504309858987,-2.2278940519212456,1.3387752996092646,0.6931882329069504,1.4670475637564577,-1.3458809870440098,-0.6555710993906649,-1.401252935692644,0.5588653758678152,0.35664217554242666,-1.5050539163178553,0.10037843727195926,-0.1907636778455699,,0,103.53903448275862,2,1,0.0
21984,21,KCK,Kansas City Kings,0028400427,1985-01-13,KCK @ SEA,L,200,0.8377546084635616,1.4301443319712726,1.5260072058488805,0.4248997273177994,-0.9687534359747658,-1.3808008728078094,2.1517229072540194,-0.1708808551690004,-0.1592768446371908,-0.06534943223468564,-0.19722620817240563,-0.30387356782777947,-0.3782487356523471,1.2645100946533452,-0.9496430248160592,-0.7516295701676208,-0.6055123393824646,1.240159454870021,,0,103.53903448275862,21,0,0.0
21984,21,KCK,Kansas City Kings,0028400418,1985-01-11,KCK @ DEN,L,204,1.3350900735380882,0.7684465511140978,-0.16434128625623604,1.09113188900743,-0.5251160796312376,-1.1060765355406752,2.1517229072540194,1.791672146042744,1.3020918597241942,1.0463895648569281,-0.6566881197210473,0.3995214952979918,-0.08596182135511947,1.440921274349728,-0.29650042463681625,0.37850694905773075,2.6886446183381802,0.01365391254237165,,0,103.53903448275862,6,0,0.0
21984,21,KCK,Kansas City Kings,0028400411,1985-01-10,KCK vs. DAL,L,222,0.5535629141352607,1.9264176676141536,1.9767668037435782,0.595728486725397,-1.1905721141465297,-1.19765131462972,-0.9146655784054243,-1.529571394469439,-1.7424262743620245,0.6157158993169329,2.3298143053451237,0.047823963735106244,1.5216162072796329,0.20604301647505013,-0.6230717247264377,-1.5050539163178553,1.5121599905808072,-0.39518126823351146,,0,103.53903448275862,5,1,0.0
21984,21,KCK,Kansas City Kings,0028400401,1985-01-08,KCK @ HOU,L,203,0.5535629141352607,1.0992954415426852,0.39910821111213607,0.9715517574221115,-1.1905721141465297,-1.472375651896854,1.0551771318683079,-0.019915239691173897,-0.4028382953640883,1.076436564778323,0.03250474760191523,-1.1831173967349935,-0.9628225642468026,1.2645100946533452,0.6832134756320482,-0.3749173970925036,0.8062692139263832,-1.2128516297852778,,0,103.53903448275862,8,0,0.0
21984,21,KCK,Kansas City Kings,0028400395,1985-01-07,KCK vs. GOS,W,206,0.5535629141352607,0.4375976606855105,-0.16434128625623604,0.6811428664291957,-1.4123907923182941,-1.472375651896854,-2.2278940519212456,1.3387752996092646,1.4238725850876428,0.004760234248569333,-0.19722620817240563,0.22367272951654904,0.06018163579349437,1.440921274349728,-0.29650042463681625,0.0017947759826136167,0.8062692139263832,0.4224890933182548,,1,103.53903448275862,21,1,0.0
21984,21,KCK,Kansas City Kings,0028400383,1985-01-05,KCK @ DAL,L,214,0.34041914338903506,0.9338709963283914,0.28641831163846165,0.8861373777183128,-1.1905721141465297,-1.472375651896854,1.0551771318683079,-0.1708808551690004,-0.4028382953640883,0.6157158993169329,-0.8864190754953681,-2.0623612256422077,-2.2781136785843272,0.7352765555641978,-1.2762143249056805,-0.3749173970925036,1.2768630650293324,0.4224890933182548,,0,103.53903448275862,5,0,1.0
21984,21,KCK,Kansas City Kings,0028400376,1985-01-04,KCK vs. LAC,W,206,2.1166172329409156,2.091842112828447,2.202146602690927,0.595728486725397,-1.4123907923182941,-1.472375651896854,-2.2278940519212456,1.6407065305649176,1.1803111343607453,1.0063268982950682,2.1000833495708027,-2.0623612256422077,-0.3782487356523471,1.0880989149569626,1.6629273759009127,-1.128341743242738,-1.076106190485414,-0.39518126823351146,,1,103.53903448275862,9,1,0.0
21984,21,KCK,Kansas City Kings,0028400368,1985-01-02,KCK vs. PHX,L,200,0.34041914338903506,0.9338709963283914,1.8640769042699037,-0.3438296900163886,-1.1905721141465297,-1.3808008728078094,-0.04136864351740303,-0.1708808551690004,-0.1592768446371908,-0.06534943223468564,1.640621438022161,-1.3589661625164362,-0.08596182135511947,0.7352765555641978,-0.9496430248160592,-0.7516295701676208,1.747456916132282,-0.8040164490093946,,0,103.53903448275862,19,1,1.0
21984,21,KCK,Kansas City Kings,0028400348,1984-12-29,KCK vs. IND,L,199,0.9088025320456369,-0.058675674957370534,0.7371779095331594,-0.6513214569500642,-1.4123907923182941,-1.3808008728078094,-2.2278940519212456,2.999397069865356,2.3981183879952326,1.106483564699718,0.26223570337623603,-0.8314198651721079,-0.5243921928009609,1.7937436337424928,-0.9496430248160592,0.0017947759826136167,0.10037843727195926,1.4445770452579625,,0,103.53903448275862,17,1,0.0
21984,21,KCK,Kansas City Kings,0028400341,1984-12-27,KCK vs. HOU,W,211,-0.44110801601379246,-1.0512223462431325,-0.5024109846772593,-0.941730347942979,-1.1905721141465297,-1.5639504309858987,4.338248315657862,1.791672146042744,2.5198991133586817,-0.8265400969100244,0.7216976149248777,-1.3589661625164362,-0.6705356499495749,-0.1467793429177149,1.6629273759009127,-1.5050539163178553,-0.37021541383099005,0.4224890933182548,,1,103.53903448275862,8,1,0.0
21984,21,KCK,Kansas City Kings,0028400334,1984-12-26,KCK @ UTH,L,203,1.4061379971201633,0.7684465511140978,0.06103851269111281,0.8861373777183128,-0.9687534359747658,-1.2892260937187647,1.0551771318683079,2.244568992476223,2.1545569372683353,0.3452929000243793,0.7216976149248777,-0.6555710993906649,-0.08596182135511947,-0.49960170231047996,-0.29650042463681625,0.0017947759826136167,1.2768630650293324,-0.1907636778455699,,0,103.53903448275862,21,0,1.0
21984,21,KCK,Kansas City Kings,0028400314,1984-12-22,KCK vs. DET,W,200,1.90347346219469,2.2572665580427405,0.7371779095331594,2.0136071898084547,-1.1905721141465297,-1.19765131462972,-0.9146655784054243,0.7349128376979587,0.6931882329069504,0.1750265671364743,-0.42695716394672645,0.047823963735106244,-0.2321052785037333,2.3229771728316404,-0.9496430248160592,-1.8817660893929722,2.218050767235231,0.4224890933182548,,1,103.53903448275862,28,1,0.0
21984,21,KCK,Kansas City Kings,0028400303,1984-12-20,KCK @ POR,W,198,1.1219463027918624,1.2647198867569789,0.5117981105858105,1.07404901306667,-1.4123907923182941,-1.3808008728078094,-2.2278940519212456,1.0368440686536116,0.6931882329069504,0.826044898766698,0.7216976149248777,-2.23820999142365,-1.401252935692644,0.20604301647505013,0.030070875452805217,-0.7516295701676208,0.3356753628234339,1.6489946356459042,,1,103.53903448275862,20,0,1.0
21984,21,KCK,Kansas City Kings,0028400290,1984-12-18,KCK vs. PHX,W,201,1.7613776150305396,0.9338709963283914,0.7371779095331594,0.49323123108083844,-0.7469347578030018,-1.3808008728078094,4.338248315657862,2.546500223431876,2.1545569372683353,0.806013565485768,0.03250474760191523,0.5753702610794347,0.49861200723933585,0.5588653758678152,-0.9496430248160592,0.37850694905773075,0.3356753628234339,-0.39518126823351146,,1,103.53903448275862,19,1,1.0
21984,21,KCK,Kansas City Kings,0028400282,1984-12-15,KCK vs. SEA,W,199,0.5535629141352607,0.10674877025692313,-1.0658604820456314,1.1423805168297092,-1.4123907923182941,-1.472375651896854,-2.2278940519212456,1.9426377615205705,1.6674340358145403,0.645762899238328,0.26223570337623603,-1.3589661625164362,-0.9628225642468026,-1.3816576007923924,0.35664217554242666,-1.5050539163178553,1.2768630650293324,0.8313242740941379,,1,103.53903448275862,21,1,1.0
21984,21,KCK,Kansas City Kings,0028400273,1984-12-14,KCK @ DEN,W,207,1.4771859207022386,0.7684465511140978,-0.5024109846772593,1.432789407822625,-1.4123907923182941,-1.6555252100749434,,2.697465838909703,2.5198991133586817,0.4754965663504242,-1.5756119428183306,-0.30387356782777947,-1.2551094785440302,0.7352765555641978,1.0097847757216696,0.0017947759826136167,1.041566139477858,2.671082587585612,,1,103.53903448275862,6,0,1.0
21984,21,KCK,Kansas City Kings,0028400260,1984-12-12,KCK @ DAL,L,196,0.34041914338903506,1.0992954415426852,0.39910821111213607,0.9715517574221115,-1.4123907923182941,-1.19765131462972,-2.2278940519212456,-0.32184647064682687,-0.6463997460909857,0.9362172318118129,-0.19722620817240563,-1.1831173967349935,-1.1089660213954162,0.0296318367786676,-0.29650042463681625,-1.128341743242738,-0.37021541383099005,-1.2128516297852778,,0,103.53903448275862,5,0,1.0
21984,21,KCK,Kansas City Kings,0028400247,1984-12-11,KCK vs. SAN,W,198,1.3350900735380882,0.6030221058998041,0.5117981105858105,0.2882367197917214,-1.4123907923182941,-1.5639504309858987,-2.2278940519212456,2.697465838909703,2.276337662631784,0.8460762320476279,0.49196665915055693,-0.8314198651721079,-0.3782487356523471,-1.20524642109601,-0.6230717247264377,-1.8817660893929722,1.5121599905808072,1.4445770452579625,,1,103.53903448275862,21,1,0.0
21984,21,KCK,Kansas City Kings,0028400243,1984-12-09,KCK @ UTH,L,199,1.2640421499560128,0.10674877025692313,1.7513870047962292,-1.1296419832913362,-0.7469347578030018,-0.9229269773625859,0.23440933592091934,2.999397069865356,3.007022014812476,0.23512056697926428,1.4108904822478405,-1.3589661625164362,-0.2321052785037333,-0.3231905226140974,1.3363560758112911,-0.3749173970925036,1.5121599905808072,1.240159454870021,,0,103.53903448275862,21,0,1.0
21984,21,KCK,Kansas City Kings,0028400229,1984-12-07,KCK @ PHX,L,200,0.7667066848814864,0.6030221058998041,1.3006274069015316,-0.30966393813486903,-0.9687534359747658,-1.19765131462972,0.3985628951103972,1.187809684131438,0.44962678218005286,1.7474862296894778,0.7216976149248777,-1.8865124598607648,-1.1089660213954162,-0.49960170231047996,0.6832134756320482,-1.5050539163178553,-0.6055123393824646,1.4445770452579625,,0,103.53903448275862,19,0,0.0
21984,21,KCK,Kansas City Kings,0028400218,1984-12-05,KCK vs. ATL,W,202,1.3350900735380882,0.9338709963283914,0.7371779095331594,0.49323123108083844,-1.4123907923182941,-1.5639504309858987,-2.2278940519212456,2.093603376998397,1.6674340358145403,0.896154565249953,1.1811595264735195,-0.30387356782777947,0.49861200723933585,0.5588653758678152,0.030070875452805217,-1.128341743242738,0.3356753628234339,0.6269066837061964,,1,103.53903448275862,0,1,0.0
21984,21,KCK,Kansas City Kings,0028400194,1984-11-30,KCK @ LAL,L,202,1.3350900735380882,1.9264176676141536,0.9625577084805083,1.4157065318818651,-0.9687534359747658,-1.3808008728078094,2.1517229072540194,-0.019915239691173897,0.6931882329069504,-1.437495761978389,1.4108904822478405,-1.1831173967349935,-0.08596182135511947,1.440921274349728,0.35664217554242666,0.0017947759826136167,1.041566139477858,1.6489946356459042,,0,103.53903448275862,10,0,1.0
21984,21,KCK,Kansas City Kings,0028400186,1984-11-29,KCK @ GOS,L,203,0.34041914338903506,0.9338709963283914,0.39910821111213607,0.7836401220737542,-1.4123907923182941,-1.3808008728078094,-2.2278940519212456,-0.019915239691173897,-0.1592768446371908,0.3553085666648442,-0.6566881197210473,-1.1831173967349935,-1.401252935692644,0.20604301647505013,0.030070875452805217,0.37850694905773075,1.041566139477858,-0.39518126823351146,,0,103.53903448275862,21,0,0.0
21984,21,KCK,Kansas City Kings,0028400176,1984-11-27,KCK @ SEA,L,206,-0.44110801601379246,-0.38952456538595787,1.0752476079541828,-1.2492221148766547,-1.4123907923182941,-1.19765131462972,-2.2278940519212456,0.7349128376979587,0.6931882329069504,0.1750265671364743,-0.42695716394672645,-1.5348149282978791,-1.5473963928412577,-0.3231905226140974,-0.9496430248160592,-0.7516295701676208,-0.1349184882795154,0.8313242740941379,,0,103.53903448275862,21,0,0.0
21984,21,KCK,Kansas City Kings,0028400160,1984-11-24,KCK vs. BOS,L,198,1.5482338442843138,1.0992954415426852,1.3006274069015316,0.2369880919694421,-1.4123907923182941,-1.5639504309858987,-2.2278940519212456,2.244568992476223,1.5456533104510914,1.386922230632738,-0.6566881197210473,0.047823963735106244,-0.3782487356523471,-0.3231905226140974,-1.2762143249056805,0.0017947759826136167,-0.1349184882795154,0.01365391254237165,,0,103.53903448275862,1,1,0.0
21984,21,KCK,Kansas City Kings,0028400154,1984-11-23,KCK @ IND,W,206,1.4061379971201633,1.2647198867569789,0.6244880100594851,0.9715517574221115,-1.4123907923182941,-1.3808008728078094,-2.2278940519212456,1.6407065305649176,1.5456533104510914,0.32526156674344925,-0.6566881197210473,0.7512190268608774,0.20632509294210818,0.7352765555641978,1.0097847757216696,0.755219122132848,0.3356753628234339,0.01365391254237165,,1,103.53903448275862,17,0,0.0
21984,21,KCK,Kansas City Kings,0028400141,1984-11-21,KCK @ WAS,L,199,-0.7252997103420934,0.10674877025692313,0.8498678090068339,-0.5317413253647458,-1.4123907923182941,-1.5639504309858987,-2.2278940519212456,-0.7747433170803063,-1.1335226475447808,1.186608897823438,-1.116150031269689,-1.3589661625164362,-1.8396833071384855,0.20604301647505013,0.35664217554242666,-0.7516295701676208,1.9827538416837565,-0.39518126823351146,,0,103.53903448275862,27,0,1.0
21984,21,KCK,Kansas City Kings,0028400134,1984-11-20,KCK vs. UTH,W,199,1.90347346219469,1.0992954415426852,-0.05165138678256162,1.3986236559411054,-1.4123907923182941,-1.5639504309858987,-2.2278940519212456,2.999397069865356,3.007022014812476,0.23512056697926428,-0.42695716394672645,-0.30387356782777947,-0.5243921928009609,-0.1467793429177149,-0.29650042463681625,-1.8817660893929722,2.9239415438896548,1.0357418644820795,,1,103.53903448275862,21,1,0.0
21984,21,KCK,Kansas City Kings,0028400126,1984-11-17,KCK @ LAC,L,204,0.7667066848814864,0.9338709963283914,0.8498678090068339,0.40781685137703966,-1.4123907923182941,-1.3808008728078094,-2.2278940519212456,0.8858784531757852,0.6931882329069504,0.49552789963135424,1.1811595264735195,-1.1831173967349935,-0.2321052785037333,-0.3231905226140974,-1.602785624995302,-0.3749173970925036,0.3356753628234339,-1.0084340393973361,,0,103.53903448275862,9,0,1.0
21984,21,KCK,Kansas City Kings,0028400113,1984-11-16,KCK @ LAL,L,210,0.9798504556277121,2.091842112828447,2.427526401638276,0.4419826032585592,-0.9687534359747658,-1.19765131462972,0.3985628951103972,-1.0766745480359594,-1.1335226475447808,-0.06534943223468564,0.7216976149248777,-2.23820999142365,-1.401252935692644,1.0880989149569626,0.35664217554242666,-1.8817660893929722,-0.1349184882795154,0.4224890933182548,,0,103.53903448275862,10,0,0.0
21984,21,KCK,Kansas City Kings,0028400088,1984-11-10,KCK @ NYK,L,209,-0.15691632168549152,-0.22410012017166422,0.39910821111213607,-0.6000728291277849,-1.1905721141465297,-1.472375651896854,1.0551771318683079,0.8858784531757852,0.8149689582703991,0.2451362336197293,0.26223570337623603,-0.6555710993906649,-0.3782487356523471,-1.20524642109601,-1.2762143249056805,-1.5050539163178553,1.041566139477858,0.21807150293031322,,0,103.53903448275862,15,0,0.0
21984,21,KCK,Kansas City Kings,0028400078,1984-11-09,KCK @ NJN,W,205,-0.08586839810341632,-0.058675674957370534,0.17372841216478724,-0.22424955843107028,-0.9687534359747658,-1.3808008728078094,2.1517229072540194,0.5839472222201322,0.5714075075435016,0.1049169006532193,-0.19722620817240563,0.5753702610794347,0.35246855009072203,-1.7344799601851577,0.6832134756320482,-0.7516295701676208,0.10037843727195926,0.4224890933182548,,1,103.53903448275862,21,0,0.0
21984,21,KCK,Kansas City Kings,0028400060,1984-11-06,KCK @ HOU,L,216,-0.5832038631779429,-0.5549490106002516,-0.6151008841509337,-0.1900838065495508,-0.7469347578030018,-1.2892260937187647,2.696712723763085,0.2820159912644791,0.6931882329069504,-0.7964930969886295,-0.19722620817240563,-1.0072686309535506,-0.9628225642468026,0.20604301647505013,1.6629273759009127,1.8853556413581998,1.747456916132282,1.6489946356459042,,0,103.53903448275862,8,0,1.0
21984,21,KCK,Kansas City Kings,0028400048,1984-11-03,KCK vs. DEN,L,213,0.8377546084635616,0.9338709963283914,0.7371779095331594,0.49323123108083844,-1.1905721141465297,-1.472375651896854,1.0551771318683079,0.8858784531757852,0.9367496836338478,0.01477590088903433,2.3298143053451237,-2.23820999142365,-0.3782487356523471,-0.3231905226140974,-0.9496430248160592,-0.3749173970925036,1.747456916132282,0.4224890933182548,,0,103.53903448275862,6,1,0.0
21984,21,KCK,Kansas City Kings,0028400036,1984-11-01,KCK vs. HOU,L,206,0.2693712198069598,-0.7203734558145453,-0.6151008841509337,-0.4121611937794276,-1.4123907923182941,-1.2892260937187647,-2.2278940519212456,2.848431454387529,2.763460564085579,0.3553085666648442,-0.6566881197210473,-1.5348149282978791,-1.6935398499898717,-1.0288352413996276,1.0097847757216696,-1.128341743242738,0.10037843727195926,-1.2128516297852778,,0,103.53903448275862,8,1,0.0
21984,21,KCK,Kansas City Kings,0028400025,1984-10-30,KCK vs. CHI,L,209,0.12727537264280936,0.2721732154712168,-0.3897210852035849,0.6811428664291957,-0.7469347578030018,-1.3808008728078094,4.338248315657862,0.2820159912644791,-0.4028382953640883,1.9878622290606367,-0.8864190754953681,-2.414058757205093,-2.570400592881555,-0.3231905226140974,0.35664217554242666,-0.3749173970925036,0.3356753628234339,0.4224890933182548,,0,103.53903448275862,4,1,0.0
21984,21,KCK,Kansas City Kings,0028400015,1984-10-27,KCK vs. POR,L,205,1.1929942263739377,0.6030221058998041,1.0752476079541828,-0.13883517872727152,-0.7469347578030018,-1.2892260937187647,2.696712723763085,1.9426377615205705,2.276337662631784,-0.2957097649653806,0.7216976149248777,-1.5348149282978791,-0.8166791070981887,-0.3231905226140974,-0.9496430248160592,-0.3749173970925036,0.10037843727195926,0.6269066837061964,,0,103.53903448275862,20,1,0.0
41983,21,KCK,Kansas City Kings,0048300022,1984-04-22,KCK vs. LAL,L,240,-0.014820474521341097,0.4375976606855105,1.5260072058488805,-0.6342385810093044,-1.1905721141465297,-1.19765131462972,-0.9146655784054243,-0.019915239691173897,0.08428460608970666,-0.2556470984035206,1.870352393796482,-1.3589661625164362,0.06018163579349437,1.0880989149569626,-0.6230717247264377,0.37850694905773075,-0.1349184882795154,1.0357418644820795,,0,103.53903448275862,10,1,0.0
41983,21,KCK,Kansas City Kings,0048300015,1984-04-20,KCK @ LAL,L,240,-0.014820474521341097,0.2721732154712168,1.3006274069015316,-0.6684043328908239,-1.1905721141465297,-1.2892260937187647,-0.5863584600264691,0.2820159912644791,0.20606533145315542,0.2150892336983343,1.4108904822478405,-0.6555710993906649,0.35246855009072203,0.0296318367786676,0.35664217554242666,-1.128341743242738,-0.37021541383099005,1.240159454870021,,0,103.53903448275862,10,0,0.0
41983,21,KCK,Kansas City Kings,0048300008,1984-04-18,KCK @ LAL,L,240,0.19832329622488457,0.10674877025692313,0.6244880100594851,-0.3779954418979081,-0.7469347578030018,-1.1060765355406752,1.0551771318683079,0.7349128376979587,0.44962678218005286,0.715872565721583,-0.19722620817240563,-0.6555710993906649,-0.6705356499495749,0.5588653758678152,-1.602785624995302,-0.7516295701676208,-0.1349184882795154,0.01365391254237165,,0,103.53903448275862,10,0,0.0
21983,21,KCK,Kansas City Kings,0028300935,1984-04-14,KCK vs. HOU,W,240,1.4771859207022386,2.422691003257034,3.6671152958486943,-0.05342079902347275,-1.4123907923182941,-1.5639504309858987,-2.2278940519212456,-0.32184647064682687,0.44962678218005286,-1.707918761270944,2.1000833495708027,0.3995214952979918,1.6677596644282466,0.9116877352605802,1.989498675990534,0.37850694905773075,0.10037843727195926,0.01365391254237165,,1,103.53903448275862,8,1,0.0
21983,21,KCK,Kansas City Kings,0028300921,1984-04-12,KCK vs. SAN,W,240,0.8377546084635616,0.2721732154712168,1.7513870047962292,-0.9588132238837387,-1.4123907923182941,-1.3808008728078094,-2.2278940519212456,2.244568992476223,1.789214761177989,0.9362172318118129,1.870352393796482,1.102916558423763,2.1061900358740884,1.2645100946533452,-0.6230717247264377,-0.3749173970925036,0.3356753628234339,0.4224890933182548,,1,103.53903448275862,21,1,1.0
21983,21,KCK,Kansas City Kings,0028300908,1984-04-10,KCK vs. SEA,L,240,0.7667066848814864,0.2721732154712168,-0.05165138678256162,0.37365109949552017,-0.7469347578030018,-1.1060765355406752,1.0551771318683079,1.6407065305649176,1.1803111343607453,1.0063268982950682,-0.42695716394672645,-0.6555710993906649,-0.8166791070981887,-0.1467793429177149,-0.9496430248160592,-0.3749173970925036,-0.6055123393824646,-0.1907636778455699,,0,103.53903448275862,21,1,1.0
21983,21,KCK,Kansas City Kings,0028300892,1984-04-07,KCK @ GOS,L,240,-0.938443481088319,-0.5549490106002516,-0.8404806830982826,0.014910704739566264,-1.1905721141465297,-1.1060765355406752,-1.131348276535535,-0.1708808551690004,-0.4028382953640883,0.6157158993169329,-0.6566881197210473,-0.1280248020463366,-0.5243921928009609,-1.0288352413996276,0.6832134756320482,-1.128341743242738,1.2768630650293324,1.0357418644820795,,0,103.53903448275862,21,0,0.0
21983,21,KCK,Kansas City Kings,0028300885,1984-04-06,KCK @ LAL,L,240,-0.3700600924317172,0.10674877025692313,1.187937507427857,-0.7709015885353825,-1.1905721141465297,-1.3808008728078094,-0.04136864351740303,-0.1708808551690004,-0.1592768446371908,-0.06534943223468564,0.26223570337623603,-0.47972233360922223,-0.2321052785037333,0.0296318367786676,-0.29650042463681625,0.37850694905773075,1.041566139477858,2.0578298164217874,,0,103.53903448275862,10,0,0.0
21983,21,KCK,Kansas City Kings,0028300875,1984-04-04,KCK @ SDC,W,240,3.6796715517465706,3.9115110101856776,4.005184994269718,1.0398832611851507,-1.4123907923182941,-1.5639504309858987,-2.2278940519212456,1.6407065305649176,1.3020918597241942,0.765950898923908,0.03250474760191523,-2.0623612256422077,-1.6935398499898717,1.2645100946533452,0.030070875452805217,-0.7516295701676208,-0.37021541383099005,0.21807150293031322,,1,103.53903448275862,21,0,0.0
21983,21,KCK,Kansas City Kings,0028300873,1984-04-03,KCK @ PHX,L,240,2.4008089272692166,2.9189643388999156,4.005184994269718,0.18573946414716286,-0.9687534359747658,-1.472375651896854,4.338248315657862,0.4329816067423056,0.20606533145315542,0.585668899395538,0.49196665915055693,-1.1831173967349935,-0.6705356499495749,0.9116877352605802,0.030070875452805217,-0.7516295701676208,-0.1349184882795154,0.01365391254237165,,0,103.53903448275862,19,0,1.0
21983,21,KCK,Kansas City Kings,0028300856,1984-03-31,KCK vs. UTH,W,240,1.5482338442843138,2.091842112828447,3.329045597427671,-0.1559180546680313,-1.1905721141465297,-1.19765131462972,-0.9146655784054243,0.2820159912644791,-0.03749611927374208,0.8360605654071629,1.4108904822478405,-1.5348149282978791,-0.3782487356523471,0.20604301647505013,0.6832134756320482,0.0017947759826136167,1.041566139477858,-0.8040164490093946,,1,103.53903448275862,21,1,0.0
21983,21,KCK,Kansas City Kings,0028300840,1984-03-29,KCK @ POR,L,240,0.7667066848814864,1.4301443319712726,1.9767668037435782,0.08324220850260527,-1.1905721141465297,-1.2892260937187647,-0.5863584600264691,-0.1708808551690004,-0.5246190207275371,1.0063268982950682,3.2487381284424073,-1.8865124598607648,0.49861200723933585,0.38245419617143267,0.6832134756320482,-0.3749173970925036,1.041566139477858,1.0357418644820795,,0,103.53903448275862,20,0,1.0
21983,21,KCK,Kansas City Kings,0028300832,1984-03-28,KCK @ SEA,L,240,-0.5832038631779429,-0.7203734558145453,0.17372841216478724,-1.0271447276467778,-1.4123907923182941,-1.1060765355406752,-2.2278940519212456,1.0368440686536116,1.0585304089972967,0.08488556737228932,1.1811595264735195,-1.8865124598607648,-0.8166791070981887,0.0296318367786676,0.030070875452805217,-0.7516295701676208,-0.1349184882795154,1.240159454870021,,0,103.53903448275862,21,0,0.0
21983,21,KCK,Kansas City Kings,0028300825,1984-03-27,KCK @ UTH,L,240,0.2693712198069598,0.10674877025692313,0.06103851269111281,0.06615933256184553,-1.4123907923182941,-1.3808008728078094,-2.2278940519212456,1.3387752996092646,1.0585304089972967,0.6758098991597229,1.640621438022161,-0.47972233360922223,0.6447554643879497,-0.3231905226140974,0.6832134756320482,-1.5050539163178553,1.5121599905808072,0.8313242740941379,,0,103.53903448275862,21,0,0.0
21983,21,KCK,Kansas City Kings,0028300810,1984-03-24,KCK vs. SAN,W,240,2.756048545179593,2.9189643388999156,2.54021630111195,1.1594633927704687,-1.4123907923182941,-1.472375651896854,-2.2278940519212456,1.489740915087091,0.44962678218005286,2.438567227881561,1.4108904822478405,-0.6555710993906649,0.35246855009072203,2.499388352528023,0.35664217554242666,0.755219122132848,1.747456916132282,-0.1907636778455699,,1,103.53903448275862,21,1,0.0
21983,21,KCK,Kansas City Kings,0028300803,1984-03-23,KCK @ DEN,L,240,2.8270964687616678,3.4152376745427966,4.794014290585439,0.13449083632488457,-0.0814787232877095,-0.6482026400954517,1.3506535384093679,-0.1708808551690004,0.32784605681660417,-1.1370257627644393,2.1000833495708027,0.5753702610794347,1.8139031215768606,1.0880989149569626,1.3363560758112911,-0.3749173970925036,2.218050767235231,3.284335358749437,,0,103.53903448275862,6,0,1.0
21983,21,KCK,Kansas City Kings,0028300789,1984-03-21,KCK vs. LAL,L,240,0.9798504556277121,1.0992954415426852,1.413317306375206,0.15157371226564337,-1.1905721141465297,-1.3808008728078094,-0.04136864351740303,0.8858784531757852,0.6931882329069504,0.49552789963135424,0.7216976149248777,-1.3589661625164362,-0.6705356499495749,1.440921274349728,0.35664217554242666,-0.7516295701676208,1.5121599905808072,0.8313242740941379,,0,103.53903448275862,10,1,0.0
21983,21,KCK,Kansas City Kings,0028300784,1984-03-20,KCK @ HOU,W,240,1.6903296914484642,1.0992954415426852,2.8782859995329733,-0.8050673404169019,-1.4123907923182941,-1.5639504309858987,-2.2278940519212456,2.546500223431876,3.007022014812476,-0.36581943144863555,1.1811595264735195,0.9270677926423203,1.5216162072796329,1.7937436337424928,1.989498675990534,1.5086434682830825,-0.6055123393824646,-0.39518126823351146,,1,103.53903448275862,8,0,0.0
21983,21,KCK,Kansas City Kings,0028300774,1984-03-18,KCK @ CLE,W,240,1.6903296914484642,2.091842112828447,1.5260072058488805,1.1252976408889495,-1.4123907923182941,-1.472375651896854,-2.2278940519212456,0.7349128376979587,0.9367496836338478,-0.2957097649653806,-0.6566881197210473,-1.5348149282978791,-1.6935398499898717,1.2645100946533452,0.030070875452805217,0.0017947759826136167,-0.8408092649339393,0.8313242740941379,,1,103.53903448275862,2,0,1.0
21983,21,KCK,Kansas City Kings,0028300769,1984-03-17,KCK @ NYK,L,240,0.4825149905531855,0.9338709963283914,-0.3897210852035849,1.5352866634671833,-1.1905721141465297,-1.3808008728078094,-0.04136864351740303,0.13105037578665257,-0.1592768446371908,0.765950898923908,-0.8864190754953681,-1.0072686309535506,-1.401252935692644,0.7352765555641978,0.35664217554242666,-1.5050539163178553,2.4533476927867057,1.240159454870021,,0,103.53903448275862,15,0,1.0
21983,21,KCK,Kansas City Kings,0028300755,1984-03-15,KCK @ IND,W,240,0.41146706697111024,0.9338709963283914,0.06103851269111281,1.09113188900743,-1.4123907923182941,-1.5639504309858987,-2.2278940519212456,0.13105037578665257,0.5714075075435016,-0.8966497633932793,0.9514285706991986,-1.1831173967349935,-0.3782487356523471,1.0880989149569626,0.030070875452805217,-0.3749173970925036,0.3356753628234339,-0.1907636778455699,,1,103.53903448275862,17,0,0.0
21983,21,KCK,Kansas City Kings,0028300748,1984-03-14,KCK @ ATL,W,240,-0.08586839810341632,0.4375976606855105,0.28641831163846165,0.2882367197917214,-1.4123907923182941,-1.5639504309858987,-2.2278940519212456,-0.019915239691173897,-0.03749611927374208,0.03480723416996432,1.870352393796482,0.047823963735106244,1.2293292929824053,0.38245419617143267,0.35664217554242666,-0.3749173970925036,0.3356753628234339,-0.1907636778455699,,1,103.53903448275862,0,0,1.0
21983,21,KCK,Kansas City Kings,0028300734,1984-03-11,KCK vs. GOS,L,240,0.4825149905531855,0.9338709963283914,1.3006274069015316,0.04907645662108577,-1.4123907923182941,-1.5639504309858987,-2.2278940519212456,0.2820159912644791,-0.03749611927374208,0.8360605654071629,1.4108904822478405,-1.1831173967349935,-0.08596182135511947,0.5588653758678152,0.6832134756320482,-0.3749173970925036,0.5709722883749084,2.262247406809729,,0,103.53903448275862,21,1,1.0
21983,21,KCK,Kansas City Kings,0028300717,1984-03-08,KCK vs. CHI,W,240,0.9088025320456369,0.9338709963283914,-0.16434128625623604,1.3132092762373067,-1.4123907923182941,-1.5639504309858987,-2.2278940519212456,1.187809684131438,0.9367496836338478,0.6157158993169329,-0.8864190754953681,-1.1831173967349935,-1.5473963928412577,1.9701548134388753,0.35664217554242666,0.0017947759826136167,0.3356753628234339,0.01365391254237165,,1,103.53903448275862,4,1,0.0
21983,21,KCK,Kansas City Kings,0028300704,1984-03-06,KCK vs. POR,W,240,1.8324255386126147,2.422691003257034,0.17372841216478724,2.7994194830834034,-1.1905721141465297,-1.3808008728078094,-0.04136864351740303,0.2820159912644791,0.44962678218005286,-0.3257567648867756,-1.116150031269689,0.7512190268608774,-0.08596182135511947,1.440921274349728,0.6832134756320482,-0.3749173970925036,1.5121599905808072,1.0357418644820795,,1,103.53903448275862,20,1,1.0
21983,21,KCK,Kansas City Kings,0028300695,1984-03-03,KCK vs. DAL,W,240,2.3297610036871412,2.2572665580427405,3.103665798480322,0.13449083632488457,-1.4123907923182941,-1.472375651896854,-2.2278940519212456,1.791672146042744,1.4238725850876428,0.816029232126233,1.1811595264735195,0.9270677926423203,1.5216162072796329,0.20604301647505013,-1.602785624995302,0.0017947759826136167,0.8062692139263832,1.8534122260338457,,1,103.53903448275862,5,1,1.0
21983,21,KCK,Kansas City Kings,0028300684,1984-03-02,KCK @ DAL,L,240,-0.5832038631779429,-0.8857979010288388,-1.6293099794140038,0.30531959573248113,-0.7469347578030018,-1.0145017564516305,0.5889810237701911,0.8858784531757852,0.6931882329069504,0.49552789963135424,-1.116150031269689,-1.3589661625164362,-1.8396833071384855,-1.20524642109601,0.35664217554242666,-0.7516295701676208,0.8062692139263832,0.01365391254237165,,0,103.53903448275862,5,0,1.0
21983,21,KCK,Kansas City Kings,0028300679,1984-03-01,KCK @ HOU,W,240,2.3297610036871412,2.5881154484713282,2.427526401638276,0.9203031295998323,-1.1905721141465297,-1.5639504309858987,4.338248315657862,1.0368440686536116,0.6931882329069504,0.826044898766698,-0.19722620817240563,-0.8314198651721079,-0.8166791070981887,1.0880989149569626,0.6832134756320482,-0.3749173970925036,0.3356753628234339,-0.39518126823351146,,1,103.53903448275862,8,0,0.0
21983,21,KCK,Kansas City Kings,0028300665,1984-02-28,KCK vs. CLE,W,290,4.816438329059775,4.2423599006142645,4.343254692690742,1.1082147649481895,-0.5251160796312376,-1.3808008728078094,6.5247737240617045,2.848431454387529,2.6416798387221303,0.5255748995527492,-0.19722620817240563,0.22367272951654904,0.06018163579349437,1.0880989149569626,1.0097847757216696,0.0017947759826136167,0.10037843727195926,3.284335358749437,,1,103.53903448275862,2,1,1.0
21983,21,KCK,Kansas City Kings,0028300650,1984-02-25,KCK @ DEN,L,240,2.4008089272692166,2.422691003257034,0.6244880100594851,2.32109895674213,-0.5251160796312376,-0.9229269773625859,1.0551771318683079,1.0368440686536116,1.4238725850876428,-0.5360857643365405,-0.19722620817240563,-2.0623612256422077,-1.8396833071384855,1.2645100946533452,0.030070875452805217,2.262067814433317,1.747456916132282,2.875500177973554,,0,103.53903448275862,6,0,1.0
21983,21,KCK,Kansas City Kings,0028300639,1984-02-23,KCK vs. PHX,L,240,0.6956587612994112,-0.38952456538595787,0.39910821111213607,-0.7879844644761422,-1.4123907923182941,-1.19765131462972,-2.2278940519212456,3.150362685343182,3.007022014812476,0.4354338997885642,-0.8864190754953681,-1.1831173967349935,-1.5473963928412577,0.7352765555641978,0.030070875452805217,-0.7516295701676208,0.3356753628234339,-0.39518126823351146,,0,103.53903448275862,19,1,0.0
21983,21,KCK,Kansas City Kings,0028300621,1984-02-21,KCK vs. DET,W,240,1.1929942263739377,1.0992954415426852,0.9625577084805083,0.49323123108083844,-1.4123907923182941,-1.472375651896854,-2.2278940519212456,1.489740915087091,1.4238725850876428,0.27518323354112423,-0.42695716394672645,0.3995214952979918,0.06018163579349437,1.0880989149569626,0.6832134756320482,-0.3749173970925036,0.8062692139263832,1.0357418644820795,,1,103.53903448275862,28,1,0.0
21983,21,KCK,Kansas City Kings,0028300609,1984-02-18,KCK vs. ATL,W,240,1.5482338442843138,1.5955687771855662,1.0752476079541828,0.9544688814813518,-1.4123907923182941,-1.5639504309858987,-2.2278940519212456,1.3387752996092646,1.0585304089972967,0.6758098991597229,0.7216976149248777,0.22367272951654904,0.6447554643879497,1.440921274349728,-1.2762143249056805,0.0017947759826136167,0.3356753628234339,1.0357418644820795,,1,103.53903448275862,0,1,1.0
21983,21,KCK,Kansas City Kings,0028300596,1984-02-16,KCK vs. UTH,W,240,3.182336086672044,3.0843887841142092,2.8782859995329733,1.07404901306667,-1.4123907923182941,-1.6555252100749434,,2.093603376998397,1.4238725850876428,1.356875230711343,-0.6566881197210473,1.102916558423763,0.49861200723933585,0.7352765555641978,1.6629273759009127,1.8853556413581998,0.8062692139263832,1.6489946356459042,,1,103.53903448275862,21,1,1.0
21983,21,KCK,Kansas City Kings,0028300586,1984-02-14,KCK vs. NYK,L,240,-0.15691632168549152,-0.7203734558145453,-1.516620079940329,0.4419826032585592,-1.1905721141465297,-1.5639504309858987,4.338248315657862,1.791672146042744,1.1803111343607453,1.296781230868553,-1.116150031269689,-1.8865124598607648,-2.2781136785843272,0.7352765555641978,0.6832134756320482,-0.7516295701676208,2.218050767235231,1.4445770452579625,,0,103.53903448275862,15,1,1.0
21983,21,KCK,Kansas City Kings,0028300574,1984-02-11,KCK vs. WAS,W,240,-0.5832038631779429,-0.22410012017166422,-0.7277907836246083,0.3565682235547604,-1.4123907923182941,-1.5639504309858987,-2.2278940519212456,0.13105037578665257,-0.03749611927374208,0.4354338997885642,-0.42695716394672645,-0.8314198651721079,-0.9628225642468026,-0.1467793429177149,0.030070875452805217,0.37850694905773075,0.8062692139263832,0.6269066837061964,,1,103.53903448275862,27,1,0.0
21983,21,KCK,Kansas City Kings,0028300565,1984-02-10,KCK @ DAL,L,240,-0.44110801601379246,-0.058675674957370534,0.39910821111213607,-0.3950783178386678,-1.4123907923182941,-1.5639504309858987,-2.2278940519212456,0.13105037578665257,0.20606533145315542,-0.1554904319988706,0.26223570337623603,-1.1831173967349935,-0.8166791070981887,0.38245419617143267,-0.6230717247264377,-0.3749173970925036,-1.3114031160368884,-0.599598858621453,,0,103.53903448275862,5,0,1.0
21983,21,KCK,Kansas City Kings,0028300551,1984-02-08,KCK @ SAN,W,240,1.1219463027918624,1.5955687771855662,1.0752476079541828,0.9544688814813518,-1.4123907923182941,-1.5639504309858987,-2.2278940519212456,0.4329816067423056,0.6931882329069504,-0.46597609785328553,0.03250474760191523,-0.30387356782777947,-0.2321052785037333,1.9701548134388753,0.35664217554242666,-0.7516295701676208,-0.1349184882795154,1.0357418644820795,,1,103.53903448275862,21,0,0.0
21983,21,KCK,Kansas City Kings,0028300540,1984-02-07,KCK vs. MIL,L,265,0.5535629141352607,1.0992954415426852,1.0752476079541828,0.40781685137703966,-1.4123907923182941,-1.5639504309858987,-2.2278940519212456,0.13105037578665257,0.5714075075435016,-0.8966497633932793,0.7216976149248777,0.047823963735106244,0.49861200723933585,1.0880989149569626,-0.6230717247264377,0.37850694905773075,0.10037843727195926,1.6489946356459042,,0,103.53903448275862,12,1,1.0
21983,21,KCK,Kansas City Kings,0028300527,1984-02-04,KCK vs. DEN,W,240,0.34041914338903506,0.6030221058998041,0.9625577084805083,-0.05342079902347275,-1.4123907923182941,-1.2892260937187647,-2.2278940519212456,0.5839472222201322,0.5714075075435016,0.1049169006532193,2.1000833495708027,-0.47972233360922223,0.9370423786851774,-0.1467793429177149,-0.6230717247264377,-0.7516295701676208,0.5709722883749084,-0.39518126823351146,,1,103.53903448275862,6,1,0.0
21983,21,KCK,Kansas City Kings,0028300519,1984-02-03,KCK @ NJN,W,240,0.8377546084635616,1.5955687771855662,1.3006274069015316,0.7665572461329946,-1.4123907923182941,-1.5639504309858987,-2.2278940519212456,-0.1708808551690004,-0.2810575700006396,0.2651675669006593,0.9514285706991986,-0.8314198651721079,-0.08596182135511947,0.9116877352605802,-0.6230717247264377,-0.7516295701676208,-0.8408092649339393,1.4445770452579625,,1,103.53903448275862,21,0,1.0
21983,21,KCK,Kansas City Kings,0028300504,1984-02-01,KCK @ BOS,L,240,0.5535629141352607,1.4301443319712726,1.5260072058488805,0.4248997273177994,-1.1905721141465297,-1.472375651896854,1.0551771318683079,-0.6237777016024798,-1.011741922181332,1.256718564306693,0.26223570337623603,-0.6555710993906649,-0.3782487356523471,0.5588653758678152,0.030070875452805217,-1.128341743242738,0.10037843727195926,1.6489946356459042,,0,103.53903448275862,1,0,1.0
21983,21,KCK,Kansas City Kings,0028300497,1984-01-31,KCK vs. HOU,L,240,0.34041914338903506,0.4375976606855105,1.3006274069015316,-0.4804926975424666,-1.1905721141465297,-1.19765131462972,-0.9146655784054243,0.7349128376979587,1.5456533104510914,-1.2471980958095543,2.3298143053451237,-1.710663694079322,0.06018163579349437,-0.852424061703245,1.3363560758112911,1.1319312952079652,-0.1349184882795154,1.6489946356459042,,0,103.53903448275862,8,1,0.0
21983,21,KCK,Kansas City Kings,0028300488,1984-01-26,KCK vs. SEA,L,240,0.2693712198069598,0.6030221058998041,0.8498678090068339,0.03199358068032601,-0.9687534359747658,-1.19765131462972,0.3985628951103972,0.13105037578665257,0.08428460608970666,0.1249482339341493,2.3298143053451237,-0.30387356782777947,1.2293292929824053,0.0296318367786676,-0.6230717247264377,-1.128341743242738,1.2768630650293324,0.21807150293031322,,0,103.53903448275862,21,1,0.0
21983,21,KCK,Kansas City Kings,0028300477,1984-01-24,KCK vs. NJN,W,240,0.7667066848814864,1.0992954415426852,0.28641831163846165,1.07404901306667,-1.4123907923182941,-1.6555252100749434,,0.5839472222201322,0.9367496836338478,-0.5961797641793305,1.4108904822478405,-0.1280248020463366,0.7908989215365636,1.7937436337424928,0.030070875452805217,1.5086434682830825,1.2768630650293324,0.21807150293031322,,1,103.53903448275862,21,1,0.0
21983,21,KCK,Kansas City Kings,0028300465,1984-01-21,KCK @ POR,L,240,-0.5832038631779429,0.4375976606855105,-0.8404806830982826,1.3473750281188261,-1.4123907923182941,-1.6555252100749434,,-1.0766745480359594,-0.4028382953640883,-2.118561093530008,-0.19722620817240563,-1.1831173967349935,-1.1089660213954162,0.7352765555641978,0.35664217554242666,0.0017947759826136167,2.6886446183381802,0.21807150293031322,,0,103.53903448275862,20,0,1.0
21983,21,KCK,Kansas City Kings,0028300460,1984-01-20,KCK @ DEN,L,240,0.8377546084635616,0.2721732154712168,-0.7277907836246083,1.005717509303631,-1.4123907923182941,-1.6555252100749434,,2.244568992476223,1.789214761177989,0.9362172318118129,0.26223570337623603,0.22367272951654904,0.35246855009072203,-0.6760128820068625,-1.602785624995302,0.0017947759826136167,0.3356753628234339,0.21807150293031322,,0,103.53903448275862,6,0,0.0
21983,21,KCK,Kansas City Kings,0028300439,1984-01-17,KCK vs. BOS,L,240,0.7667066848814864,1.5955687771855662,0.8498678090068339,1.1423805168297092,-1.4123907923182941,-1.19765131462972,-2.2278940519212456,-0.32184647064682687,0.08428460608970666,-1.0268534297193244,-0.6566881197210473,-1.0072686309535506,-1.2551094785440302,1.2645100946533452,1.3363560758112911,-0.7516295701676208,1.2768630650293324,0.01365391254237165,,0,103.53903448275862,1,1,0.0
21983,21,KCK,Kansas City Kings,0028300431,1984-01-15,KCK vs. SDC,W,240,0.4825149905531855,0.4375976606855105,-0.3897210852035849,0.9032202536590725,-1.4123907923182941,-1.6555252100749434,,1.187809684131438,1.4238725850876428,-0.26566276504398556,0.03250474760191523,0.9270677926423203,0.7908989215365636,1.440921274349728,0.030070875452805217,-0.7516295701676208,0.10037843727195926,0.21807150293031322,,1,103.53903448275862,21,1,0.0
21983,21,KCK,Kansas City Kings,0028300427,1984-01-14,KCK @ HOU,L,240,0.12727537264280936,0.4375976606855105,0.7371779095331594,-0.07050367496423252,-1.4123907923182941,-1.5639504309858987,-2.2278940519212456,0.4329816067423056,0.8149689582703991,-0.6863207639435156,0.7216976149248777,-0.8314198651721079,-0.2321052785037333,-0.6760128820068625,0.6832134756320482,-1.128341743242738,0.10037843727195926,-0.1907636778455699,,0,103.53903448275862,8,0,1.0
21983,21,KCK,Kansas City Kings,0028300410,1984-01-12,KCK vs. LAL,L,240,-0.938443481088319,-0.058675674957370534,1.6386971053225547,-1.2321392389358947,-1.4123907923182941,-1.5639504309858987,-2.2278940519212456,-0.9257089325581328,-1.377084098271678,1.7274548964085479,1.4108904822478405,-0.1280248020463366,0.7908989215365636,-0.852424061703245,0.6832134756320482,0.0017947759826136167,0.5709722883749084,0.01365391254237165,,0,103.53903448275862,10,1,0.0
21983,21,KCK,Kansas City Kings,0028300400,1984-01-10,KCK vs. DAL,W,240,0.6956587612994112,0.10674877025692313,-0.27703118572991053,0.3565682235547604,-1.4123907923182941,-1.6555252100749434,,2.244568992476223,1.5456533104510914,1.386922230632738,0.9514285706991986,-0.8314198651721079,-0.08596182135511947,0.20604301647505013,0.030070875452805217,0.37850694905773075,0.10037843727195926,1.8534122260338457,,1,103.53903448275862,5,1,0.0
21983,21,KCK,Kansas City Kings,0028300389,1984-01-07,KCK vs. PHX,W,240,-0.15691632168549152,-0.22410012017166422,-0.27703118572991053,-0.05342079902347275,-1.4123907923182941,-1.5639504309858987,-2.2278940519212456,1.0368440686536116,1.5456533104510914,-0.7263834305053744,1.1811595264735195,-0.6555710993906649,0.20632509294210818,0.9116877352605802,1.3363560758112911,-0.3749173970925036,0.10037843727195926,1.8534122260338457,,1,103.53903448275862,19,1,1.0
21983,21,KCK,Kansas City Kings,0028300375,1984-01-06,KCK @ UTH,L,240,0.5535629141352607,1.2647198867569789,1.6386971053225547,0.15157371226564337,-1.1905721141465297,-1.5639504309858987,4.338248315657862,-0.32184647064682687,-0.4028382953640883,0.1650109004960093,1.4108904822478405,-1.3589661625164362,-0.2321052785037333,0.38245419617143267,0.35664217554242666,-0.7516295701676208,2.9239415438896548,2.4666649971976704,,0,103.53903448275862,21,0,1.0
21983,21,KCK,Kansas City Kings,0028300367,1984-01-04,KCK @ SDC,L,240,1.3350900735380882,1.0992954415426852,-0.5024109846772593,1.8769441822823767,-1.4123907923182941,-1.6555252100749434,,1.791672146042744,1.3020918597241942,1.0463895648569281,-0.42695716394672645,-1.1831173967349935,-1.2551094785440302,0.38245419617143267,1.6629273759009127,-0.3749173970925036,2.6886446183381802,1.0357418644820795,,0,103.53903448275862,21,0,0.0
21983,21,KCK,Kansas City Kings,0028300356,1984-01-03,KCK @ POR,L,240,0.12727537264280936,0.6030221058998041,-0.3897210852035849,1.1082147649481895,-1.1905721141465297,-1.472375651896854,1.0551771318683079,-0.019915239691173897,0.08428460608970666,-0.2556470984035206,-0.8864190754953681,-1.0072686309535506,-1.401252935692644,1.7937436337424928,-0.9496430248160592,0.37850694905773075,1.2768630650293324,1.8534122260338457,,0,103.53903448275862,20,0,0.0
21983,21,KCK,Kansas City Kings,0028300345,1983-12-30,KCK vs. SDC,L,240,-0.44110801601379246,-0.058675674957370534,0.39910821111213607,-0.3950783178386678,-1.1905721141465297,-1.472375651896854,1.0551771318683079,-0.019915239691173897,0.08428460608970666,-0.2556470984035206,0.9514285706991986,-1.710663694079322,-0.8166791070981887,1.0880989149569626,-0.29650042463681625,-0.7516295701676208,-1.076106190485414,1.6489946356459042,,0,103.53903448275862,21,1,0.0
21983,21,KCK,Kansas City Kings,0028300338,1983-12-29,KCK @ SAN,L,240,1.7613776150305396,2.753539893685622,4.5686344916380905,-0.27549818625334954,-0.9687534359747658,-1.2892260937187647,1.0551771318683079,-0.6237777016024798,-0.4028382953640883,-0.7464147637863044,2.3298143053451237,0.22367272951654904,1.6677596644282466,2.146565993135258,0.6832134756320482,0.37850694905773075,-0.37021541383099005,1.0357418644820795,,0,103.53903448275862,21,0,0.0
21983,21,KCK,Kansas City Kings,0028300328,1983-12-27,KCK vs. PHL,L,240,0.4825149905531855,0.9338709963283914,0.39910821111213607,0.7836401220737542,-1.4123907923182941,-1.3808008728078094,-2.2278940519212456,0.2820159912644791,0.5714075075435016,-0.5661327642579356,-0.42695716394672645,-1.0072686309535506,-1.1089660213954162,1.2645100946533452,1.6629273759009127,0.0017947759826136167,-0.1349184882795154,1.8534122260338457,,0,103.53903448275862,21,1,0.0
21983,21,KCK,Kansas City Kings,0028300308,1983-12-23,KCK vs. SAN,W,240,1.6903296914484642,1.76099322239986,0.8498678090068339,1.3302921521780664,-0.9687534359747658,-1.3808008728078094,2.1517229072540194,1.0368440686536116,0.6931882329069504,0.826044898766698,0.9514285706991986,0.3995214952979918,0.9370423786851774,2.3229771728316404,-1.2762143249056805,0.0017947759826136167,0.10037843727195926,0.4224890933182548,,1,103.53903448275862,21,1,0.0
21983,21,KCK,Kansas City Kings,0028300290,1983-12-20,KCK vs. DEN,W,240,2.0455693093588403,2.422691003257034,0.8498678090068339,2.0819386935714936,-1.4123907923182941,-1.472375651896854,-2.2278940519212456,0.8858784531757852,0.5714075075435016,0.765950898923908,0.03250474760191523,0.7512190268608774,0.6447554643879497,1.9701548134388753,1.0097847757216696,-0.7516295701676208,1.5121599905808072,1.240159454870021,,1,103.53903448275862,6,1,1.0
21983,21,KCK,Kansas City Kings,0028300281,1983-12-17,KCK @ PHX,L,240,-0.22796424526756676,-1.0512223462431325,0.28641831163846165,-1.5054652539880509,-0.9687534359747658,-1.3808008728078094,2.1517229072540194,2.093603376998397,1.9109954865414378,0.48551223299088925,0.49196665915055693,0.22367272951654904,0.49861200723933585,-0.6760128820068625,0.35664217554242666,0.37850694905773075,2.6886446183381802,2.671082587585612,,0,103.53903448275862,19,0,1.0
21983,21,KCK,Kansas City Kings,0028300270,1983-12-15,KCK @ GOS,L,240,0.9798504556277121,1.5955687771855662,0.9625577084805083,1.0569661371259103,-1.4123907923182941,-1.5639504309858987,-2.2278940519212456,0.13105037578665257,0.44962678218005286,-0.6662894306625855,1.1811595264735195,-0.30387356782777947,0.49861200723933585,0.7352765555641978,0.35664217554242666,-1.5050539163178553,3.1592384694411293,2.4666649971976704,,0,103.53903448275862,21,0,0.0
21983,21,KCK,Kansas City Kings,0028300266,1983-12-14,KCK @ SEA,W,240,0.19832329622488457,0.4375976606855105,0.6244880100594851,0.014910704739566264,-1.4123907923182941,-1.472375651896854,-2.2278940519212456,0.5839472222201322,0.20606533145315542,0.9562485650927429,1.1811595264735195,0.22367272951654904,0.9370423786851774,1.440921274349728,0.35664217554242666,-0.3749173970925036,-0.1349184882795154,-0.599598858621453,,1,103.53903448275862,21,0,0.0
21983,21,KCK,Kansas City Kings,0028300242,1983-12-10,KCK vs. IND,W,240,1.1929942263739377,0.9338709963283914,0.9625577084805083,0.30531959573248113,-1.1905721141465297,-1.472375651896854,1.0551771318683079,1.6407065305649176,1.0585304089972967,1.256718564306693,0.9514285706991986,-0.47972233360922223,0.20632509294210818,1.6173324540461105,1.0097847757216696,-0.3749173970925036,1.041566139477858,1.240159454870021,,1,103.53903448275862,17,1,1.0
21983,21,KCK,Kansas City Kings,0028300228,1983-12-08,KCK @ LAL,L,240,0.2693712198069598,0.10674877025692313,0.6244880100594851,-0.3779954418979081,-1.1905721141465297,-1.3808008728078094,-0.04136864351740303,1.187809684131438,1.5456533104510914,-0.45596043121282054,-0.42695716394672645,-0.6555710993906649,-0.8166791070981887,0.20604301647505013,0.35664217554242666,0.0017947759826136167,1.747456916132282,1.240159454870021,,0,103.53903448275862,10,0,1.0
21983,21,KCK,Kansas City Kings,0028300213,1983-12-06,KCK vs. DAL,W,240,0.6956587612994112,0.6030221058998041,0.28641831163846165,0.4761483551400787,-1.4123907923182941,-1.6555252100749434,,1.3387752996092646,0.9367496836338478,0.916185898530883,1.4108904822478405,-1.1831173967349935,-0.08596182135511947,1.2645100946533452,0.030070875452805217,0.0017947759826136167,0.5709722883749084,0.6269066837061964,,1,103.53903448275862,5,1,0.0
21983,21,KCK,Kansas City Kings,0028300208,1983-12-03,KCK @ UTH,L,240,0.34041914338903506,1.2647198867569789,-0.3897210852035849,1.9623585619861754,-0.7469347578030018,-1.3808008728078094,4.338248315657862,-1.0766745480359594,-0.6463997460909857,-1.567699428304434,-1.116150031269689,-0.1280248020463366,-0.8166791070981887,2.852210711920788,2.3160699760801555,-0.7516295701676208,1.5121599905808072,1.6489946356459042,,0,103.53903448275862,21,0,1.0
21983,21,KCK,Kansas City Kings,0028300192,1983-12-01,KCK @ GOS,L,240,-0.5121559395958677,-0.7203734558145453,0.28641831163846165,-1.1125591073505767,-1.1905721141465297,-1.3808008728078094,-0.04136864351740303,1.0368440686536116,0.6931882329069504,0.826044898766698,0.26223570337623603,0.3995214952979918,0.49861200723933585,-0.49960170231047996,-1.2762143249056805,1.5086434682830825,0.8062692139263832,0.21807150293031322,,0,103.53903448275862,21,0,0.0
21983,21,KCK,Kansas City Kings,0028300186,1983-11-30,KCK @ PHX,W,240,1.2640421499560128,1.2647198867569789,0.39910821111213607,1.1765462687112287,-1.4123907923182941,-1.5639504309858987,-2.2278940519212456,1.3387752996092646,1.3020918597241942,0.2150892336983343,-1.116150031269689,-1.5348149282978791,-1.9858267642870993,-0.852424061703245,1.3363560758112911,-0.3749173970925036,-1.3114031160368884,0.8313242740941379,,1,103.53903448275862,19,0,0.0
21983,21,KCK,Kansas City Kings,0028300173,1983-11-28,KCK vs. POR,W,240,0.7667066848814864,1.4301443319712726,0.28641831163846165,1.4840380356449043,-1.4123907923182941,-1.6555252100749434,,-0.019915239691173897,-0.4028382953640883,1.076436564778323,0.03250474760191523,-1.5348149282978791,-1.2551094785440302,1.9701548134388753,0.6832134756320482,-0.7516295701676208,0.5709722883749084,1.8534122260338457,,1,103.53903448275862,20,1,1.0
21983,21,KCK,Kansas City Kings,0028300163,1983-11-26,KCK vs. UTH,W,240,1.0508983792097872,0.6030221058998041,-0.05165138678256162,0.7836401220737542,-1.4123907923182941,-1.6555252100749434,,2.093603376998397,2.5198991133586817,-0.3958664313700305,0.9514285706991986,-0.47972233360922223,0.20632509294210818,0.5588653758678152,-0.9496430248160592,0.0017947759826136167,1.5121599905808072,2.262247406809729,,1,103.53903448275862,21,1,1.0
21983,21,KCK,Kansas City Kings,0028300155,1983-11-25,KCK @ DAL,L,240,-0.44110801601379246,-0.22410012017166422,0.6244880100594851,-0.7538187125946226,-1.4123907923182941,-1.5639504309858987,-2.2278940519212456,0.4329816067423056,0.20606533145315542,0.585668899395538,0.7216976149248777,0.3995214952979918,0.7908989215365636,0.5588653758678152,0.030070875452805217,-0.7516295701676208,1.041566139477858,0.01365391254237165,,0,103.53903448275862,5,0,1.0
21983,21,KCK,Kansas City Kings,0028300136,1983-11-22,KCK vs. SDC,W,240,1.1219463027918624,1.9264176676141536,1.3006274069015316,1.1252976408889495,-1.4123907923182941,-1.5639504309858987,-2.2278940519212456,-0.1708808551690004,-0.1592768446371908,-0.06534943223468564,0.26223570337623603,-0.1280248020463366,0.06018163579349437,2.6757995322244055,1.3363560758112911,0.755219122132848,0.8062692139263832,-0.8040164490093946,,1,103.53903448275862,21,1,0.0
21983,21,KCK,Kansas City Kings,0028300116,1983-11-17,KCK @ SAN,W,240,1.90347346219469,1.5955687771855662,0.5117981105858105,1.4498722837633846,-1.4123907923182941,-1.6555252100749434,,2.093603376998397,2.8852412894490276,-0.8365557635504893,0.7216976149248777,-1.8865124598607648,-1.1089660213954162,1.6173324540461105,-0.6230717247264377,0.37850694905773075,-0.6055123393824646,4.306423310689144,,1,103.53903448275862,21,0,1.0
21983,21,KCK,Kansas City Kings,0028300100,1983-11-15,KCK @ WAS,W,240,-0.08586839810341632,0.6030221058998041,-0.5024109846772593,1.227794896533508,-1.4123907923182941,-1.6555252100749434,,-0.32184647064682687,-0.8899611968178833,1.8776898960155217,-1.116150031269689,0.9270677926423203,0.06018163579349437,0.38245419617143267,-0.9496430248160592,0.0017947759826136167,1.747456916132282,0.8313242740941379,,1,103.53903448275862,27,0,1.0
21983,21,KCK,Kansas City Kings,0028300089,1983-11-12,KCK @ DET,L,240,0.4825149905531855,0.4375976606855105,1.7513870047962292,-0.7879844644761422,-1.1905721141465297,-1.3808008728078094,-0.04136864351740303,1.0368440686536116,1.6674340358145403,-0.8966497633932793,-0.19722620817240563,-0.30387356782777947,-0.3782487356523471,0.20604301647505013,0.6832134756320482,0.755219122132848,0.5709722883749084,2.671082587585612,,0,103.53903448275862,28,0,1.0
21983,21,KCK,Kansas City Kings,0028300079,1983-11-11,KCK @ PHL,L,240,-0.15691632168549152,-0.7203734558145453,-0.6151008841509337,-0.4121611937794276,-1.1905721141465297,-1.3808008728078094,-0.04136864351740303,1.791672146042744,1.4238725850876428,0.816029232126233,-0.8864190754953681,-2.23820999142365,-2.4242571357329408,0.0296318367786676,0.6832134756320482,0.37850694905773075,0.3356753628234339,1.4445770452579625,,0,103.53903448275862,21,0,0.0
21983,21,KCK,Kansas City Kings,0028300070,1983-11-09,KCK @ MIL,L,240,-0.6542517867600182,0.2721732154712168,-0.6151008841509337,0.9032202536590725,-1.1905721141465297,-1.3808008728078094,-0.04136864351740303,-1.0766745480359594,-0.5246190207275371,-1.858153760877919,-1.116150031269689,-1.5348149282978791,-1.9858267642870993,0.5588653758678152,0.35664217554242666,-1.128341743242738,1.5121599905808072,1.4445770452579625,,0,103.53903448275862,12,0,0.0
21983,21,KCK,Kansas City Kings,0028300064,1983-11-08,KCK @ CHI,L,240,-0.08586839810341632,0.6030221058998041,1.0752476079541828,-0.13883517872727152,-1.1905721141465297,-1.19765131462972,-0.9146655784054243,-0.47281208612465336,-0.4028382953640883,-0.2957097649653806,0.9514285706991986,-1.1831173967349935,-0.3782487356523471,0.5588653758678152,1.6629273759009127,0.0017947759826136167,1.2768630650293324,0.8313242740941379,,0,103.53903448275862,4,0,0.0
21983,21,KCK,Kansas City Kings,0028300055,1983-11-05,KCK vs. HOU,W,240,1.4771859207022386,1.0992954415426852,0.9625577084805083,0.49323123108083844,-1.4123907923182941,-1.6555252100749434,,2.093603376998397,1.5456533104510914,1.116499231340183,1.640621438022161,-0.30387356782777947,0.7908989215365636,1.440921274349728,1.0097847757216696,-0.3749173970925036,1.2768630650293324,0.21807150293031322,,1,103.53903448275862,8,1,0.0
21983,21,KCK,Kansas City Kings,0028300037,1983-11-03,KCK vs. DEN,L,240,1.8324255386126147,1.4301443319712726,0.8498678090068339,0.9544688814813518,-1.1905721141465297,-1.19765131462972,-0.9146655784054243,2.093603376998397,1.6674340358145403,0.896154565249953,-1.116150031269689,1.6304628557680916,0.6447554643879497,1.9701548134388753,-1.2762143249056805,3.015492160583551,3.1592384694411293,1.4445770452579625,,0,103.53903448275862,6,1,1.0
21983,21,KCK,Kansas City Kings,0028300029,1983-11-01,KCK vs. GOS,W,240,0.9798504556277121,0.7684465511140978,-0.953170582571957,1.928192810104656,-1.4123907923182941,-1.5639504309858987,-2.2278940519212456,1.6407065305649176,1.4238725850876428,0.5456062328336792,1.1811595264735195,1.4546140899866487,1.9600465787254744,1.440921274349728,-1.2762143249056805,0.37850694905773075,3.394535394992604,2.0578298164217874,,1,103.53903448275862,21,1,0.0
21983,21,KCK,Kansas City Kings,0028300021,1983-10-30,KCK vs. SEA,L,240,0.9798504556277121,0.6030221058998041,0.17372841216478724,0.5786456107846372,-1.4123907923182941,-1.472375651896854,-2.2278940519212456,1.9426377615205705,1.4238725850876428,1.0864522314187879,0.26223570337623603,0.3995214952979918,0.49861200723933585,1.6173324540461105,-0.29650042463681625,-0.3749173970925036,1.041566139477858,2.262247406809729,,0,103.53903448275862,21,1,1.0
21983,21,KCK,Kansas City Kings,0028300002,1983-10-28,KCK vs. LAL,L,240,0.34041914338903506,1.0992954415426852,1.0752476079541828,0.40781685137703966,-1.4123907923182941,-1.6555252100749434,,-0.32184647064682687,-0.2810575700006396,-0.1755217652798006,2.1000833495708027,-1.1831173967349935,0.35246855009072203,-1.0288352413996276,-0.9496430248160592,0.37850694905773075,1.747456916132282,0.6269066837061964,,0,103.53903448275862,10,1,0.0
